"id","traits","listing_date","name","rarity_score","img_url","collection_address"
"59628757","[{""order"": null, ""value"": ""Vitiligo"", ""max_value"": null, ""trait_type"": ""Skin Color"", ""trait_count"": 201, ""display_type"": null}, {""order"": null, ""value"": ""Neutral"", ""max_value"": null, ""trait_type"": ""Eyes"", ""trait_count"": 3079, ""display_type"": null}, {""order"": null, ""value"": ""Rose"", ""max_value"": null, ""trait_type"": ""Tattoo"", ""trait_count"": 445, ""display_type"": null}, {""order"": null, ""value"": ""Pink"", ""max_value"": null, ""trait_type"": ""Eye color"", ""trait_count"": 1094, ""display_type"": null}, {""order"": null, ""value"": ""Star Mix"", ""max_value"": null, ""trait_type"": ""Necklace"", ""trait_count"": 316, ""display_type"": null}, {""order"": null, ""value"": ""Headscarf Bob"", ""max_value"": null, ""trait_type"": ""Head"", ""trait_count"": 263, ""display_type"": null}, {""order"": null, ""value"": ""Snakes"", ""max_value"": null, ""trait_type"": ""Earrings"", ""trait_count"": 331, ""display_type"": null}, {""order"": null, ""value"": ""Lollipop"", ""max_value"": null, ""trait_type"": ""Mouth"", ""trait_count"": 870, ""display_type"": null}, {""order"": null, ""value"": ""Carousel"", ""max_value"": null, ""trait_type"": ""Background"", ""trait_count"": 694, ""display_type"": null}, {""order"": null, ""value"": ""Feathers"", ""max_value"": null, ""trait_type"": ""Clothes"", ""trait_count"": 360, ""display_type"": null}, {""order"": null, ""value"": ""Purple"", ""max_value"": null, ""trait_type"": ""Lips Color"", ""trait_count"": 1806, ""display_type"": null}]",,"Crypto Chick #8028",43.823501210418065,"https://lh3.googleusercontent.com/nWDdB24ZeKho0wHqgPvgA6WimxPc2Qt0tZ51HJip007lMqRs2ncY1PkHtG7eP23iY9uc1TkerhYkvIR-E9X8MUj_VM-6YqIM-Ff6vw","0x1981cc36b59cffdd24b01cc5d698daa75e367e04"
"59628892","[{""order"": null, ""value"": ""Crescent"", ""max_value"": null, ""trait_type"": ""Tattoo"", ""trait_count"": 466, ""display_type"": null}, {""order"": null, ""value"": ""Red"", ""max_value"": null, ""trait_type"": ""Eye color"", ""trait_count"": 1119, ""display_type"": null}, {""order"": null, ""value"": ""Cheeky"", ""max_value"": null, ""trait_type"": ""Eyes"", ""trait_count"": 5817, ""display_type"": null}, {""order"": null, ""value"": ""Cheeky"", ""max_value"": null, ""trait_type"": ""Mouth"", ""trait_count"": 2495, ""display_type"": null}, {""order"": null, ""value"": ""Blonde Half Up Space Buns"", ""max_value"": null, ""trait_type"": ""Head"", ""trait_count"": 284, ""display_type"": null}, {""order"": null, ""value"": ""Leather Jacket"", ""max_value"": null, ""trait_type"": ""Clothes"", ""trait_count"": 378, ""display_type"": null}, {""order"": null, ""value"": ""Classic Rings"", ""max_value"": null, ""trait_type"": ""Earrings"", ""trait_count"": 767, ""display_type"": null}, {""order"": null, ""value"": ""Meadow"", ""max_value"": null, ""trait_type"": ""Background"", ""trait_count"": 636, ""display_type"": null}, {""order"": null, ""value"": ""Pale Pink"", ""max_value"": null, ""trait_type"": ""Skin Color"", ""trait_count"": 1324, ""display_type"": null}, {""order"": null, ""value"": ""Purple Aviators"", ""max_value"": null, ""trait_type"": ""Glasses"", ""trait_count"": 285, ""display_type"": null}, {""order"": null, ""value"": ""Purple"", ""max_value"": null, ""trait_type"": ""Lips Color"", ""trait_count"": 1806, ""display_type"": null}]",,"Crypto Chick #8054",31.62587357466062,"https://lh3.googleusercontent.com/YREHhYa10bkO4fRP9v8kR4oidWbTf6KyqO3wRrPhp9JdDJnXcOdguF-iufmyQdLS2Rm53_OfpfDIl1hoGdOghGSxVd-K0u9AnxQRu8g","0x1981cc36b59cffdd24b01cc5d698daa75e367e04"
"59628730","[{""order"": null, ""value"": ""Cool Bronze"", ""max_value"": null, ""trait_type"": ""Skin Color"", ""trait_count"": 1524, ""display_type"": null}, {""order"": null, ""value"": ""Black"", ""max_value"": null, ""trait_type"": ""Eye color"", ""trait_count"": 1048, ""display_type"": null}, {""order"": null, ""value"": ""Cheeky"", ""max_value"": null, ""trait_type"": ""Eyes"", ""trait_count"": 5817, ""display_type"": null}, {""order"": null, ""value"": ""Blue Suit"", ""max_value"": null, ""trait_type"": ""Clothes"", ""trait_count"": 317, ""display_type"": null}, {""order"": null, ""value"": ""Nude"", ""max_value"": null, ""trait_type"": ""Lips Color"", ""trait_count"": 1769, ""display_type"": null}, {""order"": null, ""value"": ""Sunset"", ""max_value"": null, ""trait_type"": ""Background"", ""trait_count"": 641, ""display_type"": null}, {""order"": null, ""value"": ""Licking"", ""max_value"": null, ""trait_type"": ""Mouth"", ""trait_count"": 907, ""display_type"": null}, {""order"": null, ""value"": ""Purple Bob"", ""max_value"": null, ""trait_type"": ""Head"", ""trait_count"": 243, ""display_type"": null}, {""order"": null, ""value"": ""Fashionista"", ""max_value"": null, ""trait_type"": ""Glasses"", ""trait_count"": 326, ""display_type"": null}, {""order"": null, ""value"": ""Ethereum"", ""max_value"": null, ""trait_type"": ""Tattoo"", ""trait_count"": 421, ""display_type"": null}]",,"Crypto Chick #8022",32.77173047565382,"https://lh3.googleusercontent.com/SkTuwOA-vcWQ1SnoJNb0vRyUPWfeqinNTB6MQjSPjBUJTuWpC25Bvo3WABcgKigtPIZQvmTQh-0grSxhUTb2PQ2CqP_eRlndiMrV","0x1981cc36b59cffdd24b01cc5d698daa75e367e04"
"59628737","[{""order"": null, ""value"": ""Teddy Coat"", ""max_value"": null, ""trait_type"": ""Clothes"", ""trait_count"": 359, ""display_type"": null}, {""order"": null, ""value"": ""Strawberry"", ""max_value"": null, ""trait_type"": ""Background"", ""trait_count"": 674, ""display_type"": null}, {""order"": null, ""value"": ""Rose"", ""max_value"": null, ""trait_type"": ""Tattoo"", ""trait_count"": 445, ""display_type"": null}, {""order"": null, ""value"": ""Light Bronze"", ""max_value"": null, ""trait_type"": ""Skin Color"", ""trait_count"": 1542, ""display_type"": null}, {""order"": null, ""value"": ""Green"", ""max_value"": null, ""trait_type"": ""Eye color"", ""trait_count"": 1085, ""display_type"": null}, {""order"": null, ""value"": ""Cheeky"", ""max_value"": null, ""trait_type"": ""Mouth"", ""trait_count"": 2495, ""display_type"": null}, {""order"": null, ""value"": ""Pink Bob And Bangs"", ""max_value"": null, ""trait_type"": ""Head"", ""trait_count"": 275, ""display_type"": null}, {""order"": null, ""value"": ""Red"", ""max_value"": null, ""trait_type"": ""Lips Color"", ""trait_count"": 2070, ""display_type"": null}, {""order"": null, ""value"": ""Rolled"", ""max_value"": null, ""trait_type"": ""Eyes"", ""trait_count"": 1102, ""display_type"": null}, {""order"": null, ""value"": ""Purple Aviators"", ""max_value"": null, ""trait_type"": ""Glasses"", ""trait_count"": 285, ""display_type"": null}]",,"Crypto Chick #7978",31.539120507194486,"https://lh3.googleusercontent.com/tEWRd6TQK2qLd5yXw0VLqz70ufA1IfPRdRpz5yKmcjm-l27WXp3vtxFIcLCpHivU1EznXuASt9TVOcRs0k5prAUxRBzeN0sEhryl","0x1981cc36b59cffdd24b01cc5d698daa75e367e04"
"59628888","[{""order"": null, ""value"": ""Strawberry"", ""max_value"": null, ""trait_type"": ""Background"", ""trait_count"": 674, ""display_type"": null}, {""order"": null, ""value"": ""Neutral"", ""max_value"": null, ""trait_type"": ""Eyes"", ""trait_count"": 3079, ""display_type"": null}, {""order"": null, ""value"": ""Cheeky"", ""max_value"": null, ""trait_type"": ""Mouth"", ""trait_count"": 2495, ""display_type"": null}, {""order"": null, ""value"": ""Blue"", ""max_value"": null, ""trait_type"": ""Eye color"", ""trait_count"": 1072, ""display_type"": null}, {""order"": null, ""value"": ""Leather Jacket"", ""max_value"": null, ""trait_type"": ""Clothes"", ""trait_count"": 378, ""display_type"": null}, {""order"": null, ""value"": ""Deep Gold"", ""max_value"": null, ""trait_type"": ""Skin Color"", ""trait_count"": 4006, ""display_type"": null}, {""order"": null, ""value"": ""Freckles"", ""max_value"": null, ""trait_type"": ""Skin Feature"", ""trait_count"": 977, ""display_type"": null}, {""order"": null, ""value"": ""Space Bun And Braids"", ""max_value"": null, ""trait_type"": ""Head"", ""trait_count"": 307, ""display_type"": null}, {""order"": null, ""value"": ""Purple"", ""max_value"": null, ""trait_type"": ""Lips Color"", ""trait_count"": 1806, ""display_type"": null}]",,"Crypto Chick #8044",21.045989286517077,"https://lh3.googleusercontent.com/Cv9oJHnvsoXZjrR2hHeELdwRZNmzVRhbzIkrxqs1IBr1mo4IxkKPJp8WeKIcKwOls2aW6xcs7OzwNKZEQt4dRL6eo65Gz_Yt1wGFZw","0x1981cc36b59cffdd24b01cc5d698daa75e367e04"
"59628769","[{""order"": null, ""value"": ""Lip Bite"", ""max_value"": null, ""trait_type"": ""Mouth"", ""trait_count"": 858, ""display_type"": null}, {""order"": null, ""value"": ""Lark"", ""max_value"": null, ""trait_type"": ""Background"", ""trait_count"": 671, ""display_type"": null}, {""order"": null, ""value"": ""Gold"", ""max_value"": null, ""trait_type"": ""Eye color"", ""trait_count"": 1069, ""display_type"": null}, {""order"": null, ""value"": ""Cheeky"", ""max_value"": null, ""trait_type"": ""Eyes"", ""trait_count"": 5817, ""display_type"": null}, {""order"": null, ""value"": ""Crescent Moon"", ""max_value"": null, ""trait_type"": ""Necklace"", ""trait_count"": 422, ""display_type"": null}, {""order"": null, ""value"": ""Romantic"", ""max_value"": null, ""trait_type"": ""Glasses"", ""trait_count"": 298, ""display_type"": null}, {""order"": null, ""value"": ""Black Yankees Cap"", ""max_value"": null, ""trait_type"": ""Head"", ""trait_count"": 151, ""display_type"": null}, {""order"": null, ""value"": ""Queen"", ""max_value"": null, ""trait_type"": ""Clothes"", ""trait_count"": 151, ""display_type"": null}, {""order"": null, ""value"": ""Deep Gold"", ""max_value"": null, ""trait_type"": ""Skin Color"", ""trait_count"": 4006, ""display_type"": null}, {""order"": null, ""value"": ""Black"", ""max_value"": null, ""trait_type"": ""Lips Color"", ""trait_count"": 877, ""display_type"": null}, {""order"": null, ""value"": ""Snakes"", ""max_value"": null, ""trait_type"": ""Earrings"", ""trait_count"": 331, ""display_type"": null}]",,"Crypto Chick #8031",48.62950729644724,"https://lh3.googleusercontent.com/KbWXCl_rHdbN4MZDpNuG6CwSdcbnv-TWjsTVMyzr9UDNJpJ-x5cbve1v2C-MpsOef3IxzPSC5bipG88cnnHIOx8NdZGbbOAmhyCMOg","0x1981cc36b59cffdd24b01cc5d698daa75e367e04"
"59628759","[{""order"": null, ""value"": ""Hoodie"", ""max_value"": null, ""trait_type"": ""Clothes"", ""trait_count"": 206, ""display_type"": null}, {""order"": null, ""value"": ""Warm Pink"", ""max_value"": null, ""trait_type"": ""Skin Color"", ""trait_count"": 1401, ""display_type"": null}, {""order"": null, ""value"": ""Neutral"", ""max_value"": null, ""trait_type"": ""Eyes"", ""trait_count"": 3079, ""display_type"": null}, {""order"": null, ""value"": ""Cherry"", ""max_value"": null, ""trait_type"": ""Mouth"", ""trait_count"": 929, ""display_type"": null}, {""order"": null, ""value"": ""Nude"", ""max_value"": null, ""trait_type"": ""Lips Color"", ""trait_count"": 1769, ""display_type"": null}, {""order"": null, ""value"": ""Headscarf Bun"", ""max_value"": null, ""trait_type"": ""Head"", ""trait_count"": 339, ""display_type"": null}, {""order"": null, ""value"": ""Pink"", ""max_value"": null, ""trait_type"": ""Eye color"", ""trait_count"": 1094, ""display_type"": null}, {""order"": null, ""value"": ""Silver"", ""max_value"": null, ""trait_type"": ""Background"", ""trait_count"": 659, ""display_type"": null}, {""order"": null, ""value"": ""Red Orbit"", ""max_value"": null, ""trait_type"": ""Earrings"", ""trait_count"": 326, ""display_type"": null}]",,"Crypto Chick #8024",29.536408208783712,"https://lh3.googleusercontent.com/h406UsZqRbK1dP11in44cJVqSHMCvlX62lL9LLB9CNB_D7RoqbP3f-LKeGSPa-8qUSDeE7MJtOxemxMehvfHZiEvIJSDJIqfC9tjfN4","0x1981cc36b59cffdd24b01cc5d698daa75e367e04"
"59628746","[{""order"": null, ""value"": ""White CC Shirt"", ""max_value"": null, ""trait_type"": ""Clothes"", ""trait_count"": 295, ""display_type"": null}, {""order"": null, ""value"": ""Lark"", ""max_value"": null, ""trait_type"": ""Background"", ""trait_count"": 671, ""display_type"": null}, {""order"": null, ""value"": ""Blue Afro Curls"", ""max_value"": null, ""trait_type"": ""Head"", ""trait_count"": 294, ""display_type"": null}, {""order"": null, ""value"": ""Rainbow Flowers"", ""max_value"": null, ""trait_type"": ""Necklace"", ""trait_count"": 450, ""display_type"": null}, {""order"": null, ""value"": ""Wild Flower"", ""max_value"": null, ""trait_type"": ""Tattoo"", ""trait_count"": 423, ""display_type"": null}, {""order"": null, ""value"": ""Freckles"", ""max_value"": null, ""trait_type"": ""Skin Feature"", ""trait_count"": 977, ""display_type"": null}, {""order"": null, ""value"": ""Hot Chick"", ""max_value"": null, ""trait_type"": ""Glasses"", ""trait_count"": 299, ""display_type"": null}, {""order"": null, ""value"": ""Gold"", ""max_value"": null, ""trait_type"": ""Lips Color"", ""trait_count"": 1723, ""display_type"": null}, {""order"": null, ""value"": ""Neutral"", ""max_value"": null, ""trait_type"": ""Mouth"", ""trait_count"": 874, ""display_type"": null}, {""order"": null, ""value"": ""Pale Pink"", ""max_value"": null, ""trait_type"": ""Skin Color"", ""trait_count"": 1324, ""display_type"": null}, {""order"": null, ""value"": ""Rolled"", ""max_value"": null, ""trait_type"": ""Eyes"", ""trait_count"": 1102, ""display_type"": null}, {""order"": null, ""value"": ""Purple"", ""max_value"": null, ""trait_type"": ""Eye color"", ""trait_count"": 1120, ""display_type"": null}]",,"Crypto Chick #8016",39.00909942326807,"https://lh3.googleusercontent.com/3Qd45JMwlmphRVLqFSp_d7zCFGFVBcHTrrr_4ZF1pEyJ3DMjrJbmyVpLnpfbcLwfGy8FBdtu6V5LZN_UBGEO1L6Dt4-yHmyj4WPj","0x1981cc36b59cffdd24b01cc5d698daa75e367e04"
"59628739","[{""order"": null, ""value"": ""Jumper"", ""max_value"": null, ""trait_type"": ""Clothes"", ""trait_count"": 337, ""display_type"": null}, {""order"": null, ""value"": ""Storm"", ""max_value"": null, ""trait_type"": ""Background"", ""trait_count"": 687, ""display_type"": null}, {""order"": null, ""value"": ""Space Bun And Braids"", ""max_value"": null, ""trait_type"": ""Head"", ""trait_count"": 307, ""display_type"": null}, {""order"": null, ""value"": ""Classic Rings"", ""max_value"": null, ""trait_type"": ""Earrings"", ""trait_count"": 767, ""display_type"": null}, {""order"": null, ""value"": ""Golden-Brown Heterochromia"", ""max_value"": null, ""trait_type"": ""Eye color"", ""trait_count"": 64, ""display_type"": null}, {""order"": null, ""value"": ""Smile"", ""max_value"": null, ""trait_type"": ""Mouth"", ""trait_count"": 813, ""display_type"": null}, {""order"": null, ""value"": ""Octagon"", ""max_value"": null, ""trait_type"": ""Glasses"", ""trait_count"": 288, ""display_type"": null}, {""order"": null, ""value"": ""Pale Pink"", ""max_value"": null, ""trait_type"": ""Skin Color"", ""trait_count"": 1324, ""display_type"": null}, {""order"": null, ""value"": ""Rolled"", ""max_value"": null, ""trait_type"": ""Eyes"", ""trait_count"": 1102, ""display_type"": null}, {""order"": null, ""value"": ""Purple"", ""max_value"": null, ""trait_type"": ""Lips Color"", ""trait_count"": 1806, ""display_type"": null}]",,"Crypto Chick #7996",56.609814863248786,"https://lh3.googleusercontent.com/ToTdF7QmUJQeShnKLnPRBxdyNcDyOsMu4V8EK_qKE8405Q2bxNAh4GK2JLx--b80nlFqlpzYbeJ3Xp7tIVaF5YTVEqPUJERwsAen","0x1981cc36b59cffdd24b01cc5d698daa75e367e04"
"59628900","[{""order"": null, ""value"": ""Crescent"", ""max_value"": null, ""trait_type"": ""Tattoo"", ""trait_count"": 466, ""display_type"": null}, {""order"": null, ""value"": ""Neutral"", ""max_value"": null, ""trait_type"": ""Eyes"", ""trait_count"": 3079, ""display_type"": null}, {""order"": null, ""value"": ""Lark"", ""max_value"": null, ""trait_type"": ""Background"", ""trait_count"": 671, ""display_type"": null}, {""order"": null, ""value"": ""Black"", ""max_value"": null, ""trait_type"": ""Eye color"", ""trait_count"": 1048, ""display_type"": null}, {""order"": null, ""value"": ""Night Star"", ""max_value"": null, ""trait_type"": ""Clothes"", ""trait_count"": 349, ""display_type"": null}, {""order"": null, ""value"": ""Licking"", ""max_value"": null, ""trait_type"": ""Mouth"", ""trait_count"": 907, ""display_type"": null}, {""order"": null, ""value"": ""Deep Gold"", ""max_value"": null, ""trait_type"": ""Skin Color"", ""trait_count"": 4006, ""display_type"": null}, {""order"": null, ""value"": ""Black"", ""max_value"": null, ""trait_type"": ""Lips Color"", ""trait_count"": 877, ""display_type"": null}, {""order"": null, ""value"": ""OG"", ""max_value"": null, ""trait_type"": ""Head"", ""trait_count"": 806, ""display_type"": null}, {""order"": null, ""value"": ""Bermuda Triangle"", ""max_value"": null, ""trait_type"": ""Earrings"", ""trait_count"": 375, ""display_type"": null}]",,"Crypto Chick #8060",26.11626537212759,"https://lh3.googleusercontent.com/-IeGEQuXRBiGLQx-SKpq-FaE6ThuNgoOPf3WMt-V07M-UeE0opQ4PYSLe545mEDpmORLfUfvEATI7662keM7UAQqSelcfnlwKVaB","0x1981cc36b59cffdd24b01cc5d698daa75e367e04"
"59628793","[{""order"": null, ""value"": ""Neutral"", ""max_value"": null, ""trait_type"": ""Eyes"", ""trait_count"": 3079, ""display_type"": null}, {""order"": null, ""value"": ""Jungle"", ""max_value"": null, ""trait_type"": ""Background"", ""trait_count"": 674, ""display_type"": null}, {""order"": null, ""value"": ""Gold"", ""max_value"": null, ""trait_type"": ""Eye color"", ""trait_count"": 1069, ""display_type"": null}, {""order"": null, ""value"": ""Blue"", ""max_value"": null, ""trait_type"": ""Lips Color"", ""trait_count"": 1752, ""display_type"": null}, {""order"": null, ""value"": ""Bat dress"", ""max_value"": null, ""trait_type"": ""Clothes"", ""trait_count"": 397, ""display_type"": null}, {""order"": null, ""value"": ""OG Devil"", ""max_value"": null, ""trait_type"": ""Head"", ""trait_count"": 98, ""display_type"": null}, {""order"": null, ""value"": ""Molten Rings"", ""max_value"": null, ""trait_type"": ""Earrings"", ""trait_count"": 386, ""display_type"": null}, {""order"": null, ""value"": ""Freckles"", ""max_value"": null, ""trait_type"": ""Skin Feature"", ""trait_count"": 977, ""display_type"": null}, {""order"": null, ""value"": ""Lollipop"", ""max_value"": null, ""trait_type"": ""Mouth"", ""trait_count"": 870, ""display_type"": null}, {""order"": null, ""value"": ""Pale Pink"", ""max_value"": null, ""trait_type"": ""Skin Color"", ""trait_count"": 1324, ""display_type"": null}]",,"Crypto Chick #8034",39.15210765699081,"https://lh3.googleusercontent.com/L4pwAAQY8kBpiD2sCVwfNYB0g0yJNnXuWUcN6I_S95zJNq7kUdtl1MJ6HTwPxU3Vs_CI-NDkEYeGNPDQ1gbDmFzIoIhXHsvlNB7H","0x1981cc36b59cffdd24b01cc5d698daa75e367e04"
"59628734","[{""order"": null, ""value"": ""Lark"", ""max_value"": null, ""trait_type"": ""Background"", ""trait_count"": 671, ""display_type"": null}, {""order"": null, ""value"": ""Cheeky"", ""max_value"": null, ""trait_type"": ""Eyes"", ""trait_count"": 5817, ""display_type"": null}, {""order"": null, ""value"": ""Pink Dawn"", ""max_value"": null, ""trait_type"": ""Makeup"", ""trait_count"": 166, ""display_type"": null}, {""order"": null, ""value"": ""Pink"", ""max_value"": null, ""trait_type"": ""Eye color"", ""trait_count"": 1094, ""display_type"": null}, {""order"": null, ""value"": ""Bat dress"", ""max_value"": null, ""trait_type"": ""Clothes"", ""trait_count"": 397, ""display_type"": null}, {""order"": null, ""value"": ""Deep Gold"", ""max_value"": null, ""trait_type"": ""Skin Color"", ""trait_count"": 4006, ""display_type"": null}, {""order"": null, ""value"": ""Black"", ""max_value"": null, ""trait_type"": ""Lips Color"", ""trait_count"": 877, ""display_type"": null}, {""order"": null, ""value"": ""Smile"", ""max_value"": null, ""trait_type"": ""Mouth"", ""trait_count"": 813, ""display_type"": null}, {""order"": null, ""value"": ""Pixie"", ""max_value"": null, ""trait_type"": ""Head"", ""trait_count"": 306, ""display_type"": null}, {""order"": null, ""value"": ""Orange Trapezium"", ""max_value"": null, ""trait_type"": ""Earrings"", ""trait_count"": 356, ""display_type"": null}]",,"Crypto Chick #8000",36.08340927760393,"https://lh3.googleusercontent.com/UUXkcFu2egRsjqry_fIjMg2hTJuuB3kseRQLbkIK5VKqDA7RjpzfKxbvkZTDusnIAvxtGMkxiXurYLNGiLRA4UJvqU476pst-bkK","0x1981cc36b59cffdd24b01cc5d698daa75e367e04"
"59628728","[{""order"": null, ""value"": ""Pearl"", ""max_value"": null, ""trait_type"": ""Earrings"", ""trait_count"": 259, ""display_type"": null}, {""order"": null, ""value"": ""Cheeky"", ""max_value"": null, ""trait_type"": ""Eyes"", ""trait_count"": 5817, ""display_type"": null}, {""order"": null, ""value"": ""Ash Space Buns"", ""max_value"": null, ""trait_type"": ""Head"", ""trait_count"": 331, ""display_type"": null}, {""order"": null, ""value"": ""Cleopatra"", ""max_value"": null, ""trait_type"": ""Clothes"", ""trait_count"": 383, ""display_type"": null}, {""order"": null, ""value"": ""Gray"", ""max_value"": null, ""trait_type"": ""Eye color"", ""trait_count"": 1022, ""display_type"": null}, {""order"": null, ""value"": ""Half Open"", ""max_value"": null, ""trait_type"": ""Mouth"", ""trait_count"": 859, ""display_type"": null}, {""order"": null, ""value"": ""Red"", ""max_value"": null, ""trait_type"": ""Lips Color"", ""trait_count"": 2070, ""display_type"": null}, {""order"": null, ""value"": ""Nose Ring"", ""max_value"": null, ""trait_type"": ""Piercing"", ""trait_count"": 1686, ""display_type"": null}, {""order"": null, ""value"": ""Pale Pink"", ""max_value"": null, ""trait_type"": ""Skin Color"", ""trait_count"": 1324, ""display_type"": null}, {""order"": null, ""value"": ""Lavender"", ""max_value"": null, ""trait_type"": ""Background"", ""trait_count"": 677, ""display_type"": null}]",,"Crypto Chick #7983",27.76247891400402,"https://lh3.googleusercontent.com/vykU4DxLz1RqqvX57hY0Ry7NUrKJtT_55HutHrKkQv502dxg6MCj0OcEwDq9ChSTLNVim-ntayPuUIi4rQcNafURpWRMExAWbVemCA","0x1981cc36b59cffdd24b01cc5d698daa75e367e04"
"59628898","[{""order"": null, ""value"": ""Hoodie"", ""max_value"": null, ""trait_type"": ""Clothes"", ""trait_count"": 206, ""display_type"": null}, {""order"": null, ""value"": ""Brown"", ""max_value"": null, ""trait_type"": ""Eye color"", ""trait_count"": 1121, ""display_type"": null}, {""order"": null, ""value"": ""Headscarf"", ""max_value"": null, ""trait_type"": ""Head"", ""trait_count"": 228, ""display_type"": null}, {""order"": null, ""value"": ""Desert Sand"", ""max_value"": null, ""trait_type"": ""Earrings"", ""trait_count"": 404, ""display_type"": null}, {""order"": null, ""value"": ""Silver"", ""max_value"": null, ""trait_type"": ""Background"", ""trait_count"": 659, ""display_type"": null}, {""order"": null, ""value"": ""Half Open"", ""max_value"": null, ""trait_type"": ""Mouth"", ""trait_count"": 859, ""display_type"": null}, {""order"": null, ""value"": ""Deep Gold"", ""max_value"": null, ""trait_type"": ""Skin Color"", ""trait_count"": 4006, ""display_type"": null}, {""order"": null, ""value"": ""Black"", ""max_value"": null, ""trait_type"": ""Lips Color"", ""trait_count"": 877, ""display_type"": null}, {""order"": null, ""value"": ""Rolled"", ""max_value"": null, ""trait_type"": ""Eyes"", ""trait_count"": 1102, ""display_type"": null}, {""order"": null, ""value"": ""Purple Aviators"", ""max_value"": null, ""trait_type"": ""Glasses"", ""trait_count"": 285, ""display_type"": null}]",,"Crypto Chick #8050",38.243776176070675,"https://lh3.googleusercontent.com/wCFPIZtIdXV3pQ6FcyC1XNJ99OxvJPHbQiAoe_C9I3es4net33gIiTnnAr4HG73JtTHzXcNwQR8EyrRzw2qWn8Axb7ITKmF5AJF2kw","0x1981cc36b59cffdd24b01cc5d698daa75e367e04"
"59628765","[{""order"": null, ""value"": ""Cool Bronze"", ""max_value"": null, ""trait_type"": ""Skin Color"", ""trait_count"": 1524, ""display_type"": null}, {""order"": null, ""value"": ""Neutral"", ""max_value"": null, ""trait_type"": ""Eyes"", ""trait_count"": 3079, ""display_type"": null}, {""order"": null, ""value"": ""Ocean"", ""max_value"": null, ""trait_type"": ""Background"", ""trait_count"": 639, ""display_type"": null}, {""order"": null, ""value"": ""Gold"", ""max_value"": null, ""trait_type"": ""Eye color"", ""trait_count"": 1069, ""display_type"": null}, {""order"": null, ""value"": ""Blue Suit"", ""max_value"": null, ""trait_type"": ""Clothes"", ""trait_count"": 317, ""display_type"": null}, {""order"": null, ""value"": ""Cheeky"", ""max_value"": null, ""trait_type"": ""Mouth"", ""trait_count"": 2495, ""display_type"": null}, {""order"": null, ""value"": ""Red Laser"", ""max_value"": null, ""trait_type"": ""Glasses"", ""trait_count"": 292, ""display_type"": null}, {""order"": null, ""value"": ""Silver Thread"", ""max_value"": null, ""trait_type"": ""Necklace"", ""trait_count"": 315, ""display_type"": null}, {""order"": null, ""value"": ""Hollywood Wave"", ""max_value"": null, ""trait_type"": ""Head"", ""trait_count"": 239, ""display_type"": null}, {""order"": null, ""value"": ""Red"", ""max_value"": null, ""trait_type"": ""Lips Color"", ""trait_count"": 2070, ""display_type"": null}]",,"Crypto Chick #7992",33.790810854785605,"https://lh3.googleusercontent.com/bqm4H6GBXy0OyY7HDqg93ZFZH4bFqk6VNySvgJUDBmHvyEtcVFRDTboh7n8h0DkXeVwTvTyNYxmTXXtxSOMxwsi16AaqZoj6svISxA","0x1981cc36b59cffdd24b01cc5d698daa75e367e04"
"59628890","[{""order"": null, ""value"": ""Skier"", ""max_value"": null, ""trait_type"": ""Glasses"", ""trait_count"": 301, ""display_type"": null}, {""order"": null, ""value"": ""Cheeky"", ""max_value"": null, ""trait_type"": ""Eyes"", ""trait_count"": 5817, ""display_type"": null}, {""order"": null, ""value"": ""Nude"", ""max_value"": null, ""trait_type"": ""Lips Color"", ""trait_count"": 1769, ""display_type"": null}, {""order"": null, ""value"": ""Headscarf Bun"", ""max_value"": null, ""trait_type"": ""Head"", ""trait_count"": 339, ""display_type"": null}, {""order"": null, ""value"": ""Pink"", ""max_value"": null, ""trait_type"": ""Eye color"", ""trait_count"": 1094, ""display_type"": null}, {""order"": null, ""value"": ""Classic Rings"", ""max_value"": null, ""trait_type"": ""Earrings"", ""trait_count"": 767, ""display_type"": null}, {""order"": null, ""value"": ""Deep Gold"", ""max_value"": null, ""trait_type"": ""Skin Color"", ""trait_count"": 4006, ""display_type"": null}, {""order"": null, ""value"": ""Mixed Tattoos"", ""max_value"": null, ""trait_type"": ""Tattoo"", ""trait_count"": 466, ""display_type"": null}, {""order"": null, ""value"": ""Neutral"", ""max_value"": null, ""trait_type"": ""Mouth"", ""trait_count"": 874, ""display_type"": null}, {""order"": null, ""value"": ""Carousel"", ""max_value"": null, ""trait_type"": ""Background"", ""trait_count"": 694, ""display_type"": null}, {""order"": null, ""value"": ""White Blazer"", ""max_value"": null, ""trait_type"": ""Clothes"", ""trait_count"": 306, ""display_type"": null}]",,"Crypto Chick #8059",31.63241344893327,"https://lh3.googleusercontent.com/BsgtPdU-VZbaDY7aBQNG-fVwKnjVc8aS3u9lLW0OGgmBsHYkw4FKJ1Wt71qIXv0AMlmNQ4-25vx_0BqEqPaGPaeK4ggVrDCrlK2JPA","0x1981cc36b59cffdd24b01cc5d698daa75e367e04"
"59628725","[{""order"": null, ""value"": ""Red"", ""max_value"": null, ""trait_type"": ""Eye color"", ""trait_count"": 1119, ""display_type"": null}, {""order"": null, ""value"": ""Light Bronze"", ""max_value"": null, ""trait_type"": ""Skin Color"", ""trait_count"": 1542, ""display_type"": null}, {""order"": null, ""value"": ""Cheeky"", ""max_value"": null, ""trait_type"": ""Eyes"", ""trait_count"": 5817, ""display_type"": null}, {""order"": null, ""value"": ""Conciseness"", ""max_value"": null, ""trait_type"": ""Earrings"", ""trait_count"": 374, ""display_type"": null}, {""order"": null, ""value"": ""Nude"", ""max_value"": null, ""trait_type"": ""Lips Color"", ""trait_count"": 1769, ""display_type"": null}, {""order"": null, ""value"": ""Mandala"", ""max_value"": null, ""trait_type"": ""Tattoo"", ""trait_count"": 408, ""display_type"": null}, {""order"": null, ""value"": ""Half Open"", ""max_value"": null, ""trait_type"": ""Mouth"", ""trait_count"": 859, ""display_type"": null}, {""order"": null, ""value"": ""Headscarf Bob"", ""max_value"": null, ""trait_type"": ""Head"", ""trait_count"": 263, ""display_type"": null}, {""order"": null, ""value"": ""Carousel"", ""max_value"": null, ""trait_type"": ""Background"", ""trait_count"": 694, ""display_type"": null}, {""order"": null, ""value"": ""Cocktail Dress"", ""max_value"": null, ""trait_type"": ""Clothes"", ""trait_count"": 277, ""display_type"": null}]",,"Crypto Chick #7995",31.829573995703523,"https://lh3.googleusercontent.com/dL2NrEYSk0v2hwgYeNWzLXtd_nAxpAj3Wso3uG_fgwA9sAfdsQRKwDFR46z2Z1kH3u69TVz7-4DbZBfsFYikFeKAiEjalN_UpVkLzA","0x1981cc36b59cffdd24b01cc5d698daa75e367e04"
"59628895","[{""order"": null, ""value"": ""Neutral"", ""max_value"": null, ""trait_type"": ""Eyes"", ""trait_count"": 3079, ""display_type"": null}, {""order"": null, ""value"": ""Shine"", ""max_value"": null, ""trait_type"": ""Clothes"", ""trait_count"": 410, ""display_type"": null}, {""order"": null, ""value"": ""Mandala"", ""max_value"": null, ""trait_type"": ""Tattoo"", ""trait_count"": 408, ""display_type"": null}, {""order"": null, ""value"": ""Desert Sand"", ""max_value"": null, ""trait_type"": ""Earrings"", ""trait_count"": 404, ""display_type"": null}, {""order"": null, ""value"": ""Licking"", ""max_value"": null, ""trait_type"": ""Mouth"", ""trait_count"": 907, ""display_type"": null}, {""order"": null, ""value"": ""Deep Gold"", ""max_value"": null, ""trait_type"": ""Skin Color"", ""trait_count"": 4006, ""display_type"": null}, {""order"": null, ""value"": ""High Ponytail"", ""max_value"": null, ""trait_type"": ""Head"", ""trait_count"": 319, ""display_type"": null}, {""order"": null, ""value"": ""Meadow"", ""max_value"": null, ""trait_type"": ""Background"", ""trait_count"": 636, ""display_type"": null}, {""order"": null, ""value"": ""Purple"", ""max_value"": null, ""trait_type"": ""Eye color"", ""trait_count"": 1120, ""display_type"": null}, {""order"": null, ""value"": ""Purple"", ""max_value"": null, ""trait_type"": ""Lips Color"", ""trait_count"": 1806, ""display_type"": null}]",,"Crypto Chick #8069",27.910856353872724,"https://lh3.googleusercontent.com/BpwnjBQPFMiLWIrW2ZxAKSgAL2ybZLuPijBJsEuQx3SGx3fKH5Ufiw8m_BEwY0WGGmXAoVqjHXrYnrcCZ7HEtMfSYzkcgPSIeFai","0x1981cc36b59cffdd24b01cc5d698daa75e367e04"
"59628743","[{""order"": null, ""value"": ""Strawberry"", ""max_value"": null, ""trait_type"": ""Background"", ""trait_count"": 674, ""display_type"": null}, {""order"": null, ""value"": ""Red"", ""max_value"": null, ""trait_type"": ""Eye color"", ""trait_count"": 1119, ""display_type"": null}, {""order"": null, ""value"": ""Light Bronze"", ""max_value"": null, ""trait_type"": ""Skin Color"", ""trait_count"": 1542, ""display_type"": null}, {""order"": null, ""value"": ""Cheeky"", ""max_value"": null, ""trait_type"": ""Eyes"", ""trait_count"": 5817, ""display_type"": null}, {""order"": null, ""value"": ""Cleopatra"", ""max_value"": null, ""trait_type"": ""Clothes"", ""trait_count"": 383, ""display_type"": null}, {""order"": null, ""value"": ""Black Long Pixie"", ""max_value"": null, ""trait_type"": ""Head"", ""trait_count"": 273, ""display_type"": null}, {""order"": null, ""value"": ""Gold"", ""max_value"": null, ""trait_type"": ""Lips Color"", ""trait_count"": 1723, ""display_type"": null}, {""order"": null, ""value"": ""Lollipop"", ""max_value"": null, ""trait_type"": ""Mouth"", ""trait_count"": 870, ""display_type"": null}]",,"Crypto.Chick #8023",39.00909942326807,"https://lh3.googleusercontent.com/xmUiAe7GC8J17lyuzZLCOP1cKV3zaXTVy0kyN_iZaeXQPe2vX2TjJEGZqwD520lc8ytg2GIP7iqpHsgsgMHr1cDtY8x3SRt24NpW85U","0x1981cc36b59cffdd24b01cc5d698daa75e367e04"
"59621091","[{""order"": null, ""value"": ""Cool Bronze"", ""max_value"": null, ""trait_type"": ""Skin Color"", ""trait_count"": 1524, ""display_type"": null}, {""order"": null, ""value"": ""Bronze"", ""max_value"": null, ""trait_type"": ""Background"", ""trait_count"": 674, ""display_type"": null}, {""order"": null, ""value"": ""Cheeky"", ""max_value"": null, ""trait_type"": ""Eyes"", ""trait_count"": 5817, ""display_type"": null}, {""order"": null, ""value"": ""Space Bun And Braids"", ""max_value"": null, ""trait_type"": ""Head"", ""trait_count"": 307, ""display_type"": null}, {""order"": null, ""value"": ""Gray"", ""max_value"": null, ""trait_type"": ""Eye color"", ""trait_count"": 1022, ""display_type"": null}, {""order"": null, ""value"": ""Red Orbit"", ""max_value"": null, ""trait_type"": ""Earrings"", ""trait_count"": 326, ""display_type"": null}, {""order"": null, ""value"": ""Smile"", ""max_value"": null, ""trait_type"": ""Mouth"", ""trait_count"": 813, ""display_type"": null}, {""order"": null, ""value"": ""Red"", ""max_value"": null, ""trait_type"": ""Lips Color"", ""trait_count"": 2070, ""display_type"": null}, {""order"": null, ""value"": ""Plaid Shirt"", ""max_value"": null, ""trait_type"": ""Clothes"", ""trait_count"": 389, ""display_type"": null}]",,"Crypto Chick #7133",25.864293333892277,"https://lh3.googleusercontent.com/6kwXPO5jis8fEVBZUQYhJ2EjdrwYDxrRG8x8YEaYV9Gwcpn-Es6-8W_SgMfSSt93dZqfEAKEhWf0jOlwCpSR1-Afu-fv0fdKIDWF-A","0x1981cc36b59cffdd24b01cc5d698daa75e367e04"
"59628756","[{""order"": null, ""value"": ""Bronze"", ""max_value"": null, ""trait_type"": ""Background"", ""trait_count"": 674, ""display_type"": null}, {""order"": null, ""value"": ""Neutral"", ""max_value"": null, ""trait_type"": ""Eyes"", ""trait_count"": 3079, ""display_type"": null}, {""order"": null, ""value"": ""Conciseness"", ""max_value"": null, ""trait_type"": ""Earrings"", ""trait_count"": 374, ""display_type"": null}, {""order"": null, ""value"": ""Blue Suit"", ""max_value"": null, ""trait_type"": ""Clothes"", ""trait_count"": 317, ""display_type"": null}, {""order"": null, ""value"": ""Blue-Green Heterochromia"", ""max_value"": null, ""trait_type"": ""Eye color"", ""trait_count"": 49, ""display_type"": null}, {""order"": null, ""value"": ""Pink-Ash Double Ponytail"", ""max_value"": null, ""trait_type"": ""Head"", ""trait_count"": 248, ""display_type"": null}, {""order"": null, ""value"": ""Nude"", ""max_value"": null, ""trait_type"": ""Lips Color"", ""trait_count"": 1769, ""display_type"": null}, {""order"": null, ""value"": ""Kiss"", ""max_value"": null, ""trait_type"": ""Mouth"", ""trait_count"": 822, ""display_type"": null}, {""order"": null, ""value"": ""Deep Gold"", ""max_value"": null, ""trait_type"": ""Skin Color"", ""trait_count"": 4006, ""display_type"": null}, {""order"": null, ""value"": ""Nose Ring"", ""max_value"": null, ""trait_type"": ""Piercing"", ""trait_count"": 1686, ""display_type"": null}]",,"Crypto Chick #7997",62.259227075201174,"https://lh3.googleusercontent.com/KtZ-OnTfN3JRN5ukV3po4I76lyOrPGIcnHrG1Pl5WdTSSEPMTJs1X8A2kwHHUGjuxXRfkq-dFc88YK5sfXLQ2Ft_W8egdt0uE0UOd1M","0x1981cc36b59cffdd24b01cc5d698daa75e367e04"
"59628775","[{""order"": null, ""value"": ""Teddy Coat"", ""max_value"": null, ""trait_type"": ""Clothes"", ""trait_count"": 359, ""display_type"": null}, {""order"": null, ""value"": ""Warm Pink"", ""max_value"": null, ""trait_type"": ""Skin Color"", ""trait_count"": 1401, ""display_type"": null}, {""order"": null, ""value"": ""Lark"", ""max_value"": null, ""trait_type"": ""Background"", ""trait_count"": 671, ""display_type"": null}, {""order"": null, ""value"": ""Red"", ""max_value"": null, ""trait_type"": ""Eye color"", ""trait_count"": 1119, ""display_type"": null}, {""order"": null, ""value"": ""Cheeky"", ""max_value"": null, ""trait_type"": ""Eyes"", ""trait_count"": 5817, ""display_type"": null}, {""order"": null, ""value"": ""Blue"", ""max_value"": null, ""trait_type"": ""Lips Color"", ""trait_count"": 1752, ""display_type"": null}, {""order"": null, ""value"": ""Half Open"", ""max_value"": null, ""trait_type"": ""Mouth"", ""trait_count"": 859, ""display_type"": null}, {""order"": null, ""value"": ""Red Orbit"", ""max_value"": null, ""trait_type"": ""Earrings"", ""trait_count"": 326, ""display_type"": null}, {""order"": null, ""value"": ""Hot Chick"", ""max_value"": null, ""trait_type"": ""Glasses"", ""trait_count"": 299, ""display_type"": null}, {""order"": null, ""value"": ""High Ponytail"", ""max_value"": null, ""trait_type"": ""Head"", ""trait_count"": 319, ""display_type"": null}, {""order"": null, ""value"": ""Rainbow"", ""max_value"": null, ""trait_type"": ""Makeup"", ""trait_count"": 167, ""display_type"": null}]",,"Crypto Chick #8036",41.96824815975456,"https://lh3.googleusercontent.com/DEPrO1Yl8b_u0nex0E65MQs7TFcgvzA4uEP9pVxvYI_Kp1u4WUsEYiss3o44lubVuGl_NLZ26jABf5B1Mj_wKZNOe4zBQl1HnQNZ","0x1981cc36b59cffdd24b01cc5d698daa75e367e04"
"59628735","[{""order"": null, ""value"": ""Cheeky"", ""max_value"": null, ""trait_type"": ""Eyes"", ""trait_count"": 5817, ""display_type"": null}, {""order"": null, ""value"": ""Green"", ""max_value"": null, ""trait_type"": ""Eye color"", ""trait_count"": 1085, ""display_type"": null}, {""order"": null, ""value"": ""Cherry"", ""max_value"": null, ""trait_type"": ""Mouth"", ""trait_count"": 929, ""display_type"": null}, {""order"": null, ""value"": ""Sunset"", ""max_value"": null, ""trait_type"": ""Background"", ""trait_count"": 641, ""display_type"": null}, {""order"": null, ""value"": ""Cleopatra"", ""max_value"": null, ""trait_type"": ""Clothes"", ""trait_count"": 383, ""display_type"": null}, {""order"": null, ""value"": ""Deep Gold"", ""max_value"": null, ""trait_type"": ""Skin Color"", ""trait_count"": 4006, ""display_type"": null}, {""order"": null, ""value"": ""Freckles"", ""max_value"": null, ""trait_type"": ""Skin Feature"", ""trait_count"": 977, ""display_type"": null}, {""order"": null, ""value"": ""Red"", ""max_value"": null, ""trait_type"": ""Lips Color"", ""trait_count"": 2070, ""display_type"": null}, {""order"": null, ""value"": ""Pixie"", ""max_value"": null, ""trait_type"": ""Head"", ""trait_count"": 306, ""display_type"": null}, {""order"": null, ""value"": ""Queen Of The Rings"", ""max_value"": null, ""trait_type"": ""Earrings"", ""trait_count"": 367, ""display_type"": null}, {""order"": null, ""value"": ""Purple Aviators"", ""max_value"": null, ""trait_type"": ""Glasses"", ""trait_count"": 285, ""display_type"": null}]",,"Crypto Chick #7990",31.8804236649869,"https://lh3.googleusercontent.com/mwCHBkJRcFi3yfGf06owEqmMjf_pxQpyCH_S8jY3hzREsaMKYDgV27GsHQ5SGvDvP4JtlUzXEHSFHCfeJSEWI36lKkWmIlUN6ISWjA","0x1981cc36b59cffdd24b01cc5d698daa75e367e04"
"59628782","[{""order"": null, ""value"": ""Chamomile"", ""max_value"": null, ""trait_type"": ""Makeup"", ""trait_count"": 172, ""display_type"": null}, {""order"": null, ""value"": ""Silver Mix"", ""max_value"": null, ""trait_type"": ""Earrings"", ""trait_count"": 320, ""display_type"": null}, {""order"": null, ""value"": ""Lark"", ""max_value"": null, ""trait_type"": ""Background"", ""trait_count"": 671, ""display_type"": null}, {""order"": null, ""value"": ""Light Bronze"", ""max_value"": null, ""trait_type"": ""Skin Color"", ""trait_count"": 1542, ""display_type"": null}, {""order"": null, ""value"": ""Cheeky"", ""max_value"": null, ""trait_type"": ""Eyes"", ""trait_count"": 5817, ""display_type"": null}, {""order"": null, ""value"": ""Red Laser"", ""max_value"": null, ""trait_type"": ""Glasses"", ""trait_count"": 292, ""display_type"": null}, {""order"": null, ""value"": ""Bat dress"", ""max_value"": null, ""trait_type"": ""Clothes"", ""trait_count"": 397, ""display_type"": null}, {""order"": null, ""value"": ""Headscarf Bob"", ""max_value"": null, ""trait_type"": ""Head"", ""trait_count"": 263, ""display_type"": null}, {""order"": null, ""value"": ""Bubble Gum"", ""max_value"": null, ""trait_type"": ""Mouth"", ""trait_count"": 338, ""display_type"": null}, {""order"": null, ""value"": ""Red"", ""max_value"": null, ""trait_type"": ""Lips Color"", ""trait_count"": 2070, ""display_type"": null}, {""order"": null, ""value"": ""Purple"", ""max_value"": null, ""trait_type"": ""Eye color"", ""trait_count"": 1120, ""display_type"": null}]",,"Crypto Chick #8037",45.49808347387338,"https://lh3.googleusercontent.com/iCWx0A2WbOCwBgFt8RHCGqU4DDdPGonquRFzrfs51ETth4gBVmYTkxhnKEigSTHcjOabPmayaoUz9thzznjqG0Jn7n0I3iBgOnE7_A","0x1981cc36b59cffdd24b01cc5d698daa75e367e04"
"59628897","[{""order"": null, ""value"": ""Brown"", ""max_value"": null, ""trait_type"": ""Eye color"", ""trait_count"": 1121, ""display_type"": null}, {""order"": null, ""value"": ""Neutral"", ""max_value"": null, ""trait_type"": ""Eyes"", ""trait_count"": 3079, ""display_type"": null}, {""order"": null, ""value"": ""Kiss"", ""max_value"": null, ""trait_type"": ""Mouth"", ""trait_count"": 822, ""display_type"": null}, {""order"": null, ""value"": ""Souffle"", ""max_value"": null, ""trait_type"": ""Background"", ""trait_count"": 650, ""display_type"": null}, {""order"": null, ""value"": ""Deep Gold"", ""max_value"": null, ""trait_type"": ""Skin Color"", ""trait_count"": 4006, ""display_type"": null}, {""order"": null, ""value"": ""Headscarf Bob"", ""max_value"": null, ""trait_type"": ""Head"", ""trait_count"": 263, ""display_type"": null}, {""order"": null, ""value"": ""Gold"", ""max_value"": null, ""trait_type"": ""Lips Color"", ""trait_count"": 1723, ""display_type"": null}, {""order"": null, ""value"": ""Plaid Shirt"", ""max_value"": null, ""trait_type"": ""Clothes"", ""trait_count"": 389, ""display_type"": null}, {""order"": null, ""value"": ""Crescent"", ""max_value"": null, ""trait_type"": ""Earrings"", ""trait_count"": 375, ""display_type"": null}]",,"Crypto Chick #8045",25.765243776395494,"https://lh3.googleusercontent.com/6ienx4PD7k9tJIhu81ucERhj1Sc2-wE0nTdJkHAazfHJFJSJzpHWyJUj5xref4AwYnwOwOJMK3uXdrQH1gmeKhPsIkcYcyzGwUS3LQ","0x1981cc36b59cffdd24b01cc5d698daa75e367e04"
"59628731","[{""order"": null, ""value"": ""Lip Bite"", ""max_value"": null, ""trait_type"": ""Mouth"", ""trait_count"": 858, ""display_type"": null}, {""order"": null, ""value"": ""Cheeky"", ""max_value"": null, ""trait_type"": ""Eyes"", ""trait_count"": 5817, ""display_type"": null}, {""order"": null, ""value"": ""Gold"", ""max_value"": null, ""trait_type"": ""Eye color"", ""trait_count"": 1069, ""display_type"": null}, {""order"": null, ""value"": ""Blue Marble"", ""max_value"": null, ""trait_type"": ""Earrings"", ""trait_count"": 340, ""display_type"": null}, {""order"": null, ""value"": ""Bun And Bangs"", ""max_value"": null, ""trait_type"": ""Head"", ""trait_count"": 295, ""display_type"": null}, {""order"": null, ""value"": ""Souffle"", ""max_value"": null, ""trait_type"": ""Background"", ""trait_count"": 650, ""display_type"": null}, {""order"": null, ""value"": ""Gold"", ""max_value"": null, ""trait_type"": ""Lips Color"", ""trait_count"": 1723, ""display_type"": null}, {""order"": null, ""value"": ""Pale Pink"", ""max_value"": null, ""trait_type"": ""Skin Color"", ""trait_count"": 1324, ""display_type"": null}, {""order"": null, ""value"": ""Cocktail Dress"", ""max_value"": null, ""trait_type"": ""Clothes"", ""trait_count"": 277, ""display_type"": null}]",,"Crypto Chick #8005",27.95917976597243,"https://lh3.googleusercontent.com/zH673F_7opk4ls4OCgTJS-FpprRwYcVX6kl-b0gwpfJSZGtK2zLq14KOFX_MgfqkxHJlMFYFLXBH0BwIA43wiRooLe7Pz4cRTt3Ipg","0x1981cc36b59cffdd24b01cc5d698daa75e367e04"
"59628752","[{""order"": null, ""value"": ""Bronze"", ""max_value"": null, ""trait_type"": ""Background"", ""trait_count"": 674, ""display_type"": null}, {""order"": null, ""value"": ""Expressive"", ""max_value"": null, ""trait_type"": ""Makeup"", ""trait_count"": 185, ""display_type"": null}, {""order"": null, ""value"": ""Neutral"", ""max_value"": null, ""trait_type"": ""Eyes"", ""trait_count"": 3079, ""display_type"": null}, {""order"": null, ""value"": ""Rose"", ""max_value"": null, ""trait_type"": ""Tattoo"", ""trait_count"": 445, ""display_type"": null}, {""order"": null, ""value"": ""Butterfly Wing"", ""max_value"": null, ""trait_type"": ""Clothes"", ""trait_count"": 332, ""display_type"": null}, {""order"": null, ""value"": ""Green"", ""max_value"": null, ""trait_type"": ""Eye color"", ""trait_count"": 1085, ""display_type"": null}, {""order"": null, ""value"": ""Brown Bob"", ""max_value"": null, ""trait_type"": ""Head"", ""trait_count"": 301, ""display_type"": null}, {""order"": null, ""value"": ""Deep Gold"", ""max_value"": null, ""trait_type"": ""Skin Color"", ""trait_count"": 4006, ""display_type"": null}, {""order"": null, ""value"": ""Freckles"", ""max_value"": null, ""trait_type"": ""Skin Feature"", ""trait_count"": 977, ""display_type"": null}, {""order"": null, ""value"": ""Snakes"", ""max_value"": null, ""trait_type"": ""Earrings"", ""trait_count"": 331, ""display_type"": null}, {""order"": null, ""value"": ""Neutral"", ""max_value"": null, ""trait_type"": ""Mouth"", ""trait_count"": 874, ""display_type"": null}, {""order"": null, ""value"": ""Nose Ring"", ""max_value"": null, ""trait_type"": ""Piercing"", ""trait_count"": 1686, ""display_type"": null}, {""order"": null, ""value"": ""Purple"", ""max_value"": null, ""trait_type"": ""Lips Color"", ""trait_count"": 1806, ""display_type"": null}]",,"Crypto Chick #7991",41.55865021925439,"https://lh3.googleusercontent.com/w46xq3doKGQUzvSko99nQMWyqFnjf2GBPOX9dbMAJjrHnERdHWb3OVd56-KYiHXH7AkADn-dcaAYLhhtAE1a7MTgZX2zzH9CIOk","0x1981cc36b59cffdd24b01cc5d698daa75e367e04"
"59628776","[{""order"": null, ""value"": ""Cheeky"", ""max_value"": null, ""trait_type"": ""Eyes"", ""trait_count"": 5817, ""display_type"": null}, {""order"": null, ""value"": ""Cheeky"", ""max_value"": null, ""trait_type"": ""Mouth"", ""trait_count"": 2495, ""display_type"": null}, {""order"": null, ""value"": ""Purple"", ""max_value"": null, ""trait_type"": ""Lips Color"", ""trait_count"": 1806, ""display_type"": null}, {""order"": null, ""value"": ""Souffle"", ""max_value"": null, ""trait_type"": ""Background"", ""trait_count"": 650, ""display_type"": null}, {""order"": null, ""value"": ""Deep Gold"", ""max_value"": null, ""trait_type"": ""Skin Color"", ""trait_count"": 4006, ""display_type"": null}, {""order"": null, ""value"": ""Bermuda Triangle"", ""max_value"": null, ""trait_type"": ""Earrings"", ""trait_count"": 375, ""display_type"": null}, {""order"": null, ""value"": ""Braided Afro Curls"", ""max_value"": null, ""trait_type"": ""Head"", ""trait_count"": 295, ""display_type"": null}, {""order"": null, ""value"": ""Purple"", ""max_value"": null, ""trait_type"": ""Eye color"", ""trait_count"": 1120, ""display_type"": null}, {""order"": null, ""value"": ""Ozzy"", ""max_value"": null, ""trait_type"": ""Glasses"", ""trait_count"": 243, ""display_type"": null}, {""order"": null, ""value"": ""Summer Flowers"", ""max_value"": null, ""trait_type"": ""Clothes"", ""trait_count"": 442, ""display_type"": null}]",,"Crypto Chick #8030",29.69803182399561,"https://lh3.googleusercontent.com/FEbkY5SoeG-GBTuPo3w0lEcZjIlLDaKjT_Jd9v6GPjy4udPQhDbxNTOC7efO8-Rke_vzpoCBQ9cVTWS2xtOY2vB_WSadSeBQ3Nzv","0x1981cc36b59cffdd24b01cc5d698daa75e367e04"
"59628891","[{""order"": null, ""value"": ""White CC Shirt"", ""max_value"": null, ""trait_type"": ""Clothes"", ""trait_count"": 295, ""display_type"": null}, {""order"": null, ""value"": ""Light Bronze"", ""max_value"": null, ""trait_type"": ""Skin Color"", ""trait_count"": 1542, ""display_type"": null}, {""order"": null, ""value"": ""Black"", ""max_value"": null, ""trait_type"": ""Eye color"", ""trait_count"": 1048, ""display_type"": null}, {""order"": null, ""value"": ""Cheeky"", ""max_value"": null, ""trait_type"": ""Eyes"", ""trait_count"": 5817, ""display_type"": null}, {""order"": null, ""value"": ""Cheeky"", ""max_value"": null, ""trait_type"": ""Mouth"", ""trait_count"": 2495, ""display_type"": null}, {""order"": null, ""value"": ""Nude"", ""max_value"": null, ""trait_type"": ""Lips Color"", ""trait_count"": 1769, ""display_type"": null}, {""order"": null, ""value"": ""Gold Ð¡hain"", ""max_value"": null, ""trait_type"": ""Necklace"", ""trait_count"": 313, ""display_type"": null}, {""order"": null, ""value"": ""Souffle"", ""max_value"": null, ""trait_type"": ""Background"", ""trait_count"": 650, ""display_type"": null}, {""order"": null, ""value"": ""Night Sky"", ""max_value"": null, ""trait_type"": ""Head"", ""trait_count"": 281, ""display_type"": null}]",,"Crypto Chick #8049",27.251933197511047,"https://lh3.googleusercontent.com/cnTAH3PemMow2dJeXcfESdD9WPZ5A6EzEXAc-BdB6hJp5XlF6wxXmggb2kqEueFry73WwCcUb3pkthwRMyUdS0_ZZaHudNvmq2x_BjE","0x1981cc36b59cffdd24b01cc5d698daa75e367e04"
"59628796","[{""order"": null, ""value"": ""Teddy Coat"", ""max_value"": null, ""trait_type"": ""Clothes"", ""trait_count"": 359, ""display_type"": null}, {""order"": null, ""value"": ""Neutral"", ""max_value"": null, ""trait_type"": ""Eyes"", ""trait_count"": 3079, ""display_type"": null}, {""order"": null, ""value"": ""Expressive"", ""max_value"": null, ""trait_type"": ""Makeup"", ""trait_count"": 185, ""display_type"": null}, {""order"": null, ""value"": ""Gold"", ""max_value"": null, ""trait_type"": ""Eye color"", ""trait_count"": 1069, ""display_type"": null}, {""order"": null, ""value"": ""Futuristic"", ""max_value"": null, ""trait_type"": ""Glasses"", ""trait_count"": 287, ""display_type"": null}, {""order"": null, ""value"": ""Deep Gold"", ""max_value"": null, ""trait_type"": ""Skin Color"", ""trait_count"": 4006, ""display_type"": null}, {""order"": null, ""value"": ""High Ponytail"", ""max_value"": null, ""trait_type"": ""Head"", ""trait_count"": 319, ""display_type"": null}, {""order"": null, ""value"": ""Neutral"", ""max_value"": null, ""trait_type"": ""Mouth"", ""trait_count"": 874, ""display_type"": null}, {""order"": null, ""value"": ""Red"", ""max_value"": null, ""trait_type"": ""Lips Color"", ""trait_count"": 2070, ""display_type"": null}, {""order"": null, ""value"": ""Carousel"", ""max_value"": null, ""trait_type"": ""Background"", ""trait_count"": 694, ""display_type"": null}]",,"Crypto Chick #8035",35.745041327003094,"https://lh3.googleusercontent.com/FSwzUQBhXFQe9ut-Rv3iltpF0olMB1QTeSogGE5rcSiBRgYTYy-9Jrcf7ro_3ZwIKPxZroQd2nlfOjw0qNQz8xqbK4koq4vl1tkz0Q","0x1981cc36b59cffdd24b01cc5d698daa75e367e04"
"59628751","[{""order"": null, ""value"": ""Neutral"", ""max_value"": null, ""trait_type"": ""Eyes"", ""trait_count"": 3079, ""display_type"": null}, {""order"": null, ""value"": ""Light Bronze"", ""max_value"": null, ""trait_type"": ""Skin Color"", ""trait_count"": 1542, ""display_type"": null}, {""order"": null, ""value"": ""Nude"", ""max_value"": null, ""trait_type"": ""Lips Color"", ""trait_count"": 1769, ""display_type"": null}, {""order"": null, ""value"": ""Blue"", ""max_value"": null, ""trait_type"": ""Eye color"", ""trait_count"": 1072, ""display_type"": null}, {""order"": null, ""value"": ""Mandala"", ""max_value"": null, ""trait_type"": ""Tattoo"", ""trait_count"": 408, ""display_type"": null}, {""order"": null, ""value"": ""Souffle"", ""max_value"": null, ""trait_type"": ""Background"", ""trait_count"": 650, ""display_type"": null}, {""order"": null, ""value"": ""Classic Rings"", ""max_value"": null, ""trait_type"": ""Earrings"", ""trait_count"": 767, ""display_type"": null}, {""order"": null, ""value"": ""OG"", ""max_value"": null, ""trait_type"": ""Head"", ""trait_count"": 806, ""display_type"": null}, {""order"": null, ""value"": ""Lollipop"", ""max_value"": null, ""trait_type"": ""Mouth"", ""trait_count"": 870, ""display_type"": null}, {""order"": null, ""value"": ""Plaid Shirt"", ""max_value"": null, ""trait_type"": ""Clothes"", ""trait_count"": 389, ""display_type"": null}]",,"Crypto Chick #8001",23.55877289464949,"https://lh3.googleusercontent.com/l8M7hCdLXrjgGRsNQH36vDNnaYQ3vn9Y2PxPwLmnmbGRW_t2qqY47syJYiVhh9AljPNbWhEpCJGyvBmAphDPgWnlw4RD4UUKQfGGew","0x1981cc36b59cffdd24b01cc5d698daa75e367e04"
"59628770","[{""order"": null, ""value"": ""Lip Bite"", ""max_value"": null, ""trait_type"": ""Mouth"", ""trait_count"": 858, ""display_type"": null}, {""order"": null, ""value"": ""Cheeky"", ""max_value"": null, ""trait_type"": ""Eyes"", ""trait_count"": 5817, ""display_type"": null}, {""order"": null, ""value"": ""Nude"", ""max_value"": null, ""trait_type"": ""Lips Color"", ""trait_count"": 1769, ""display_type"": null}, {""order"": null, ""value"": ""Space Bun And Braids"", ""max_value"": null, ""trait_type"": ""Head"", ""trait_count"": 307, ""display_type"": null}, {""order"": null, ""value"": ""Deep Gold"", ""max_value"": null, ""trait_type"": ""Skin Color"", ""trait_count"": 4006, ""display_type"": null}, {""order"": null, ""value"": ""Freckles"", ""max_value"": null, ""trait_type"": ""Skin Feature"", ""trait_count"": 977, ""display_type"": null}, {""order"": null, ""value"": ""Snakes"", ""max_value"": null, ""trait_type"": ""Earrings"", ""trait_count"": 331, ""display_type"": null}, {""order"": null, ""value"": ""Octagon"", ""max_value"": null, ""trait_type"": ""Glasses"", ""trait_count"": 288, ""display_type"": null}, {""order"": null, ""value"": ""Carousel"", ""max_value"": null, ""trait_type"": ""Background"", ""trait_count"": 694, ""display_type"": null}, {""order"": null, ""value"": ""Summer Sunset"", ""max_value"": null, ""trait_type"": ""Clothes"", ""trait_count"": 377, ""display_type"": null}, {""order"": null, ""value"": ""Purple"", ""max_value"": null, ""trait_type"": ""Eye color"", ""trait_count"": 1120, ""display_type"": null}]",,"Crypto Chick #8025",32.445702490644955,"https://lh3.googleusercontent.com/Iu0NUnWVjeVTKQdGjdCd4DsvpBKqdbwf-BHKpidsHzm54h3NdiBzBrUSpfQp5xooJiC2DpIqlgr6HEiQRMWBCfSPCmeogjBw_RMaLTo","0x1981cc36b59cffdd24b01cc5d698daa75e367e04"
"59628794","[{""order"": null, ""value"": ""Cheeky"", ""max_value"": null, ""trait_type"": ""Eyes"", ""trait_count"": 5817, ""display_type"": null}, {""order"": null, ""value"": ""Blue Marble"", ""max_value"": null, ""trait_type"": ""Earrings"", ""trait_count"": 340, ""display_type"": null}, {""order"": null, ""value"": ""Bat dress"", ""max_value"": null, ""trait_type"": ""Clothes"", ""trait_count"": 397, ""display_type"": null}, {""order"": null, ""value"": ""Gray"", ""max_value"": null, ""trait_type"": ""Eye color"", ""trait_count"": 1022, ""display_type"": null}, {""order"": null, ""value"": ""Licking"", ""max_value"": null, ""trait_type"": ""Mouth"", ""trait_count"": 907, ""display_type"": null}, {""order"": null, ""value"": ""Deep Gold"", ""max_value"": null, ""trait_type"": ""Skin Color"", ""trait_count"": 4006, ""display_type"": null}, {""order"": null, ""value"": ""Gold"", ""max_value"": null, ""trait_type"": ""Lips Color"", ""trait_count"": 1723, ""display_type"": null}, {""order"": null, ""value"": ""OG"", ""max_value"": null, ""trait_type"": ""Head"", ""trait_count"": 806, ""display_type"": null}, {""order"": null, ""value"": ""Nose Ring"", ""max_value"": null, ""trait_type"": ""Piercing"", ""trait_count"": 1686, ""display_type"": null}, {""order"": null, ""value"": ""Evening"", ""max_value"": null, ""trait_type"": ""Background"", ""trait_count"": 634, ""display_type"": null}]",,"Crypto Chick #8019",22.20595657179502,"https://lh3.googleusercontent.com/-twYhI04RhpzDbhOrmCKz2FNqKxHGpnp33cplHK7MUeCUU562Os5rWcxxiIVOawlPDXYu9RW1pUoLa4h_TPQR7Z506mjcfvBaCV2cA","0x1981cc36b59cffdd24b01cc5d698daa75e367e04"
"59628779","[{""order"": null, ""value"": ""Strawberry"", ""max_value"": null, ""trait_type"": ""Background"", ""trait_count"": 674, ""display_type"": null}, {""order"": null, ""value"": ""Rose"", ""max_value"": null, ""trait_type"": ""Tattoo"", ""trait_count"": 445, ""display_type"": null}, {""order"": null, ""value"": ""Cheeky"", ""max_value"": null, ""trait_type"": ""Eyes"", ""trait_count"": 5817, ""display_type"": null}, {""order"": null, ""value"": ""Piercing Set"", ""max_value"": null, ""trait_type"": ""Piercing"", ""trait_count"": 361, ""display_type"": null}, {""order"": null, ""value"": ""Cheeky"", ""max_value"": null, ""trait_type"": ""Mouth"", ""trait_count"": 2495, ""display_type"": null}, {""order"": null, ""value"": ""Blue"", ""max_value"": null, ""trait_type"": ""Eye color"", ""trait_count"": 1072, ""display_type"": null}, {""order"": null, ""value"": ""Queen"", ""max_value"": null, ""trait_type"": ""Clothes"", ""trait_count"": 151, ""display_type"": null}, {""order"": null, ""value"": ""Braided Afro Curls"", ""max_value"": null, ""trait_type"": ""Head"", ""trait_count"": 295, ""display_type"": null}, {""order"": null, ""value"": ""Bermuda Triangle"", ""max_value"": null, ""trait_type"": ""Earrings"", ""trait_count"": 375, ""display_type"": null}, {""order"": null, ""value"": ""Rainbow"", ""max_value"": null, ""trait_type"": ""Makeup"", ""trait_count"": 167, ""display_type"": null}, {""order"": null, ""value"": ""Pale Pink"", ""max_value"": null, ""trait_type"": ""Skin Color"", ""trait_count"": 1324, ""display_type"": null}, {""order"": null, ""value"": ""Purple"", ""max_value"": null, ""trait_type"": ""Lips Color"", ""trait_count"": 1806, ""display_type"": null}]",,"Crypto Chick #8032",49.99251243367867,"https://lh3.googleusercontent.com/6stfV6UGdr8LNGHMtCZB_WdN_lhyQedtd7yttaMZGSWR2OITmuOM3X8IjvPtiB4LW4Fzk4YTA0pBCAWXl4yNsUw9fN7aeaLgRXe_HQ","0x1981cc36b59cffdd24b01cc5d698daa75e367e04"
"59628736","[{""order"": null, ""value"": ""Red"", ""max_value"": null, ""trait_type"": ""Eye color"", ""trait_count"": 1119, ""display_type"": null}, {""order"": null, ""value"": ""Butterfly Wing"", ""max_value"": null, ""trait_type"": ""Clothes"", ""trait_count"": 332, ""display_type"": null}, {""order"": null, ""value"": ""Light Bronze"", ""max_value"": null, ""trait_type"": ""Skin Color"", ""trait_count"": 1542, ""display_type"": null}, {""order"": null, ""value"": ""Cheeky"", ""max_value"": null, ""trait_type"": ""Eyes"", ""trait_count"": 5817, ""display_type"": null}, {""order"": null, ""value"": ""Headscarf"", ""max_value"": null, ""trait_type"": ""Head"", ""trait_count"": 228, ""display_type"": null}, {""order"": null, ""value"": ""Flamingo"", ""max_value"": null, ""trait_type"": ""Background"", ""trait_count"": 679, ""display_type"": null}, {""order"": null, ""value"": ""Red Laser"", ""max_value"": null, ""trait_type"": ""Glasses"", ""trait_count"": 292, ""display_type"": null}, {""order"": null, ""value"": ""Silver Thread"", ""max_value"": null, ""trait_type"": ""Necklace"", ""trait_count"": 315, ""display_type"": null}, {""order"": null, ""value"": ""Classic Rings"", ""max_value"": null, ""trait_type"": ""Earrings"", ""trait_count"": 767, ""display_type"": null}, {""order"": null, ""value"": ""Licking"", ""max_value"": null, ""trait_type"": ""Mouth"", ""trait_count"": 907, ""display_type"": null}, {""order"": null, ""value"": ""Red"", ""max_value"": null, ""trait_type"": ""Lips Color"", ""trait_count"": 2070, ""display_type"": null}, {""order"": null, ""value"": ""Nose Ring"", ""max_value"": null, ""trait_type"": ""Piercing"", ""trait_count"": 1686, ""display_type"": null}]",,"Crypto Chick #8027",37.01562787604468,"https://lh3.googleusercontent.com/nMGs_ggyy4PNa2R5CoZSB-A5QesL3VglixEdMn2hySX8R7zYOK1gi236g3dAlkJ7G8zK0OGtQ-Uz4vVwHuQLloZsh6sQQwNTnm6K","0x1981cc36b59cffdd24b01cc5d698daa75e367e04"
"59628798","[{""order"": null, ""value"": ""Warm Pink"", ""max_value"": null, ""trait_type"": ""Skin Color"", ""trait_count"": 1401, ""display_type"": null}, {""order"": null, ""value"": ""Neutral"", ""max_value"": null, ""trait_type"": ""Eyes"", ""trait_count"": 3079, ""display_type"": null}, {""order"": null, ""value"": ""Rose"", ""max_value"": null, ""trait_type"": ""Tattoo"", ""trait_count"": 445, ""display_type"": null}, {""order"": null, ""value"": ""Ash Space Buns"", ""max_value"": null, ""trait_type"": ""Head"", ""trait_count"": 331, ""display_type"": null}, {""order"": null, ""value"": ""Flamingo"", ""max_value"": null, ""trait_type"": ""Background"", ""trait_count"": 679, ""display_type"": null}, {""order"": null, ""value"": ""Black-Red Heterochromia"", ""max_value"": null, ""trait_type"": ""Eye color"", ""trait_count"": 70, ""display_type"": null}, {""order"": null, ""value"": ""Freckles"", ""max_value"": null, ""trait_type"": ""Skin Feature"", ""trait_count"": 977, ""display_type"": null}, {""order"": null, ""value"": ""Vamp Woman"", ""max_value"": null, ""trait_type"": ""Clothes"", ""trait_count"": 387, ""display_type"": null}, {""order"": null, ""value"": ""Bubble Gum"", ""max_value"": null, ""trait_type"": ""Mouth"", ""trait_count"": 338, ""display_type"": null}, {""order"": null, ""value"": ""Red"", ""max_value"": null, ""trait_type"": ""Lips Color"", ""trait_count"": 2070, ""display_type"": null}, {""order"": null, ""value"": ""Feathers"", ""max_value"": null, ""trait_type"": ""Earrings"", ""trait_count"": 364, ""display_type"": null}]",,"Crypto Chick #8020",57.056912767311786,"https://lh3.googleusercontent.com/KOfbGciXuBEhRnZagDVQoyDhM_BB0cSY8eYWRDn4U_RBFvfURqzB6FmBFxwNVJmkIYSKKhlvRHEK1lt5mswpcSvZcRjjNe89cz-Z-g","0x1981cc36b59cffdd24b01cc5d698daa75e367e04"
"59628886","[{""order"": null, ""value"": ""Jungle"", ""max_value"": null, ""trait_type"": ""Background"", ""trait_count"": 674, ""display_type"": null}, {""order"": null, ""value"": ""Black"", ""max_value"": null, ""trait_type"": ""Eye color"", ""trait_count"": 1048, ""display_type"": null}, {""order"": null, ""value"": ""Cheeky"", ""max_value"": null, ""trait_type"": ""Eyes"", ""trait_count"": 5817, ""display_type"": null}, {""order"": null, ""value"": ""Cherry"", ""max_value"": null, ""trait_type"": ""Mouth"", ""trait_count"": 929, ""display_type"": null}, {""order"": null, ""value"": ""Black Long Pixie"", ""max_value"": null, ""trait_type"": ""Head"", ""trait_count"": 273, ""display_type"": null}, {""order"": null, ""value"": ""Vamp Woman"", ""max_value"": null, ""trait_type"": ""Clothes"", ""trait_count"": 387, ""display_type"": null}, {""order"": null, ""value"": ""Cow"", ""max_value"": null, ""trait_type"": ""Glasses"", ""trait_count"": 267, ""display_type"": null}, {""order"": null, ""value"": ""Pale Pink"", ""max_value"": null, ""trait_type"": ""Skin Color"", ""trait_count"": 1324, ""display_type"": null}, {""order"": null, ""value"": ""Purple"", ""max_value"": null, ""trait_type"": ""Lips Color"", ""trait_count"": 1806, ""display_type"": null}]",,"Crypto Chick #8039",28.194027318098122,"https://lh3.googleusercontent.com/FBKMloDiY8oqquLVNbXK_nd9vHsPkaGcHbO7WSbQqF-_pWRQLDHtCR3HThN2RWKVU5VGjGSudbJgPp3g4T27aNy0Iib6Gxcsv0sGUMo","0x1981cc36b59cffdd24b01cc5d698daa75e367e04"
"59628893","[{""order"": null, ""value"": ""Brown"", ""max_value"": null, ""trait_type"": ""Eye color"", ""trait_count"": 1121, ""display_type"": null}, {""order"": null, ""value"": ""Lark"", ""max_value"": null, ""trait_type"": ""Background"", ""trait_count"": 671, ""display_type"": null}, {""order"": null, ""value"": ""Cheeky"", ""max_value"": null, ""trait_type"": ""Eyes"", ""trait_count"": 5817, ""display_type"": null}, {""order"": null, ""value"": ""Cleopatra"", ""max_value"": null, ""trait_type"": ""Clothes"", ""trait_count"": 383, ""display_type"": null}, {""order"": null, ""value"": ""Deep Gold"", ""max_value"": null, ""trait_type"": ""Skin Color"", ""trait_count"": 4006, ""display_type"": null}, {""order"": null, ""value"": ""Smile"", ""max_value"": null, ""trait_type"": ""Mouth"", ""trait_count"": 813, ""display_type"": null}, {""order"": null, ""value"": ""Red"", ""max_value"": null, ""trait_type"": ""Lips Color"", ""trait_count"": 2070, ""display_type"": null}, {""order"": null, ""value"": ""Feathers"", ""max_value"": null, ""trait_type"": ""Earrings"", ""trait_count"": 364, ""display_type"": null}, {""order"": null, ""value"": ""Yellow Bob"", ""max_value"": null, ""trait_type"": ""Head"", ""trait_count"": 297, ""display_type"": null}]",,"Crypto Chick #8064",24.69409616243077,"https://lh3.googleusercontent.com/6YIqoq1pVwLi7yFo2QoUWNL8ZOT76a9ii4Vkp97FPLB0C9-ka_tsQKwEprgdkxevVJAZthCgwXHGIzltHpSsUbN3uub6PyEIuBlhPvs","0x1981cc36b59cffdd24b01cc5d698daa75e367e04"
"59628896","[{""order"": null, ""value"": ""Teddy Coat"", ""max_value"": null, ""trait_type"": ""Clothes"", ""trait_count"": 359, ""display_type"": null}, {""order"": null, ""value"": ""Peach"", ""max_value"": null, ""trait_type"": ""Background"", ""trait_count"": 699, ""display_type"": null}, {""order"": null, ""value"": ""Neutral"", ""max_value"": null, ""trait_type"": ""Eyes"", ""trait_count"": 3079, ""display_type"": null}, {""order"": null, ""value"": ""Cherry"", ""max_value"": null, ""trait_type"": ""Mouth"", ""trait_count"": 929, ""display_type"": null}, {""order"": null, ""value"": ""Blue Marble"", ""max_value"": null, ""trait_type"": ""Earrings"", ""trait_count"": 340, ""display_type"": null}, {""order"": null, ""value"": ""Nude"", ""max_value"": null, ""trait_type"": ""Lips Color"", ""trait_count"": 1769, ""display_type"": null}, {""order"": null, ""value"": ""Nose Ring"", ""max_value"": null, ""trait_type"": ""Piercing"", ""trait_count"": 1686, ""display_type"": null}, {""order"": null, ""value"": ""Pale Pink"", ""max_value"": null, ""trait_type"": ""Skin Color"", ""trait_count"": 1324, ""display_type"": null}, {""order"": null, ""value"": ""Space Bun And Braids"", ""max_value"": null, ""trait_type"": ""Head"", ""trait_count"": 307, ""display_type"": null}, {""order"": null, ""value"": ""Purple"", ""max_value"": null, ""trait_type"": ""Eye color"", ""trait_count"": 1120, ""display_type"": null}]",,"Crypto Chick #8040",26.90689726484608,"https://lh3.googleusercontent.com/_1UPFyPt9lgzoRtoky3ygCdkFhtdKPwgwiHyBqHtb8D-mk5S6k8069px-RGjV15KUdoomYQJsjUky-_hdZ5npk614Dq16IG0k46MC6o","0x1981cc36b59cffdd24b01cc5d698daa75e367e04"
"59628729","[{""order"": null, ""value"": ""Blonde Headscarf"", ""max_value"": null, ""trait_type"": ""Head"", ""trait_count"": 252, ""display_type"": null}, {""order"": null, ""value"": ""Red"", ""max_value"": null, ""trait_type"": ""Eye color"", ""trait_count"": 1119, ""display_type"": null}, {""order"": null, ""value"": ""Golden Whip"", ""max_value"": null, ""trait_type"": ""Earrings"", ""trait_count"": 370, ""display_type"": null}, {""order"": null, ""value"": ""Cheeky"", ""max_value"": null, ""trait_type"": ""Eyes"", ""trait_count"": 5817, ""display_type"": null}, {""order"": null, ""value"": ""Cherry"", ""max_value"": null, ""trait_type"": ""Mouth"", ""trait_count"": 929, ""display_type"": null}, {""order"": null, ""value"": ""Deep Gold"", ""max_value"": null, ""trait_type"": ""Skin Color"", ""trait_count"": 4006, ""display_type"": null}, {""order"": null, ""value"": ""Gold"", ""max_value"": null, ""trait_type"": ""Lips Color"", ""trait_count"": 1723, ""display_type"": null}, {""order"": null, ""value"": ""Carousel"", ""max_value"": null, ""trait_type"": ""Background"", ""trait_count"": 694, ""display_type"": null}, {""order"": null, ""value"": ""Summer Sunset"", ""max_value"": null, ""trait_type"": ""Clothes"", ""trait_count"": 377, ""display_type"": null}]",,"Crypto Chick #8008",25.58039292512787,"https://lh3.googleusercontent.com/uczoDICEno2FeAnyzOCIBGfDMXDoT0PFsYW75r08Qcn3hHOlh2-_RceqtlYwzw11fZsuKpYW0COmwpP-RrjvzcP7Km9s0SxDHVQj_w","0x1981cc36b59cffdd24b01cc5d698daa75e367e04"
"59618383","[{""order"": null, ""value"": ""Warm Pink"", ""max_value"": null, ""trait_type"": ""Skin Color"", ""trait_count"": 1401, ""display_type"": null}, {""order"": null, ""value"": ""Black"", ""max_value"": null, ""trait_type"": ""Eye color"", ""trait_count"": 1048, ""display_type"": null}, {""order"": null, ""value"": ""Storm"", ""max_value"": null, ""trait_type"": ""Background"", ""trait_count"": 687, ""display_type"": null}, {""order"": null, ""value"": ""Bat dress"", ""max_value"": null, ""trait_type"": ""Clothes"", ""trait_count"": 397, ""display_type"": null}, {""order"": null, ""value"": ""Silver Thread"", ""max_value"": null, ""trait_type"": ""Necklace"", ""trait_count"": 315, ""display_type"": null}, {""order"": null, ""value"": ""Half Open"", ""max_value"": null, ""trait_type"": ""Mouth"", ""trait_count"": 859, ""display_type"": null}, {""order"": null, ""value"": ""OG"", ""max_value"": null, ""trait_type"": ""Head"", ""trait_count"": 806, ""display_type"": null}, {""order"": null, ""value"": ""Rolled"", ""max_value"": null, ""trait_type"": ""Eyes"", ""trait_count"": 1102, ""display_type"": null}, {""order"": null, ""value"": ""Purple"", ""max_value"": null, ""trait_type"": ""Lips Color"", ""trait_count"": 1806, ""display_type"": null}]",,"Crypto Chick #6976",24.18691146002206,"https://lh3.googleusercontent.com/KwPmyFoFZ3Vb_mzi-K8-LVnHxu0piCOy5CjIjWLMd46NX7xXL0Uiw06E74ZrFE537Di0kjibEktrkwXJwlLxZuwPuyDAmnO5bhtqa9c","0x1981cc36b59cffdd24b01cc5d698daa75e367e04"
"59628740","[{""order"": null, ""value"": ""Black"", ""max_value"": null, ""trait_type"": ""Eye color"", ""trait_count"": 1048, ""display_type"": null}, {""order"": null, ""value"": ""Terrazzo"", ""max_value"": null, ""trait_type"": ""Earrings"", ""trait_count"": 384, ""display_type"": null}, {""order"": null, ""value"": ""Bat dress"", ""max_value"": null, ""trait_type"": ""Clothes"", ""trait_count"": 397, ""display_type"": null}, {""order"": null, ""value"": ""Half Open"", ""max_value"": null, ""trait_type"": ""Mouth"", ""trait_count"": 859, ""display_type"": null}, {""order"": null, ""value"": ""Deep Gold"", ""max_value"": null, ""trait_type"": ""Skin Color"", ""trait_count"": 4006, ""display_type"": null}, {""order"": null, ""value"": ""Meadow"", ""max_value"": null, ""trait_type"": ""Background"", ""trait_count"": 636, ""display_type"": null}, {""order"": null, ""value"": ""Red"", ""max_value"": null, ""trait_type"": ""Lips Color"", ""trait_count"": 2070, ""display_type"": null}, {""order"": null, ""value"": ""Braided Afro Curls"", ""max_value"": null, ""trait_type"": ""Head"", ""trait_count"": 295, ""display_type"": null}, {""order"": null, ""value"": ""Rolled"", ""max_value"": null, ""trait_type"": ""Eyes"", ""trait_count"": 1102, ""display_type"": null}]",,"Crypto Chick #8009",25.768924364200323,"https://lh3.googleusercontent.com/_Wuonc0P6DtOcEqxZAQpbyHfA7PGIKL2PEQxKNBMxb47dPHE7s2xlAhQjSPmhqDacuyjzZUowJ7vXtIVa0hnWszkBV0SyFRMAPggJw","0x1981cc36b59cffdd24b01cc5d698daa75e367e04"
"59628791","[{""order"": null, ""value"": ""Crescent"", ""max_value"": null, ""trait_type"": ""Tattoo"", ""trait_count"": 466, ""display_type"": null}, {""order"": null, ""value"": ""Pink CC Shirt"", ""max_value"": null, ""trait_type"": ""Clothes"", ""trait_count"": 306, ""display_type"": null}, {""order"": null, ""value"": ""Light Bronze"", ""max_value"": null, ""trait_type"": ""Skin Color"", ""trait_count"": 1542, ""display_type"": null}, {""order"": null, ""value"": ""Blue-Green Heterochromia"", ""max_value"": null, ""trait_type"": ""Eye color"", ""trait_count"": 49, ""display_type"": null}, {""order"": null, ""value"": ""Lip Ring"", ""max_value"": null, ""trait_type"": ""Piercing"", ""trait_count"": 370, ""display_type"": null}, {""order"": null, ""value"": ""Crescent Moon"", ""max_value"": null, ""trait_type"": ""Necklace"", ""trait_count"": 422, ""display_type"": null}, {""order"": null, ""value"": ""Night Sky"", ""max_value"": null, ""trait_type"": ""Head"", ""trait_count"": 281, ""display_type"": null}, {""order"": null, ""value"": ""Licking"", ""max_value"": null, ""trait_type"": ""Mouth"", ""trait_count"": 907, ""display_type"": null}, {""order"": null, ""value"": ""Gold"", ""max_value"": null, ""trait_type"": ""Lips Color"", ""trait_count"": 1723, ""display_type"": null}, {""order"": null, ""value"": ""Rolled"", ""max_value"": null, ""trait_type"": ""Eyes"", ""trait_count"": 1102, ""display_type"": null}, {""order"": null, ""value"": ""Evening"", ""max_value"": null, ""trait_type"": ""Background"", ""trait_count"": 634, ""display_type"": null}]",,"Crypto Chick #8018",70.5255977710696,"https://lh3.googleusercontent.com/CjG52mpO2bNbOu7P5C-XDoHx-dBd_Pf3k0pTClBtf99Sm8pMhqltbZLfFe-AsdnPjTK8MIaOYnU-eGSG9gDnvrXGLl96hjnbVE1R5w","0x1981cc36b59cffdd24b01cc5d698daa75e367e04"
"59628758","[{""order"": null, ""value"": ""Pink CC Shirt"", ""max_value"": null, ""trait_type"": ""Clothes"", ""trait_count"": 306, ""display_type"": null}, {""order"": null, ""value"": ""Silver Mix"", ""max_value"": null, ""trait_type"": ""Earrings"", ""trait_count"": 320, ""display_type"": null}, {""order"": null, ""value"": ""Jungle"", ""max_value"": null, ""trait_type"": ""Background"", ""trait_count"": 674, ""display_type"": null}, {""order"": null, ""value"": ""Light Bronze"", ""max_value"": null, ""trait_type"": ""Skin Color"", ""trait_count"": 1542, ""display_type"": null}, {""order"": null, ""value"": ""Gold"", ""max_value"": null, ""trait_type"": ""Eye color"", ""trait_count"": 1069, ""display_type"": null}, {""order"": null, ""value"": ""Cheeky"", ""max_value"": null, ""trait_type"": ""Eyes"", ""trait_count"": 5817, ""display_type"": null}, {""order"": null, ""value"": ""Headscarf Bun"", ""max_value"": null, ""trait_type"": ""Head"", ""trait_count"": 339, ""display_type"": null}, {""order"": null, ""value"": ""Blue"", ""max_value"": null, ""trait_type"": ""Lips Color"", ""trait_count"": 1752, ""display_type"": null}, {""order"": null, ""value"": ""Smoke"", ""max_value"": null, ""trait_type"": ""Mouth"", ""trait_count"": 233, ""display_type"": null}]",,"Crypto Chick #8010",32.10965832495589,"https://lh3.googleusercontent.com/fZi4kJpRZKVFSDy8is-MlNzy6ZpYPciWkgjcvC5RrJWRQAdc2qodCG5rphK8Ug_GVU-aIt0FgF1B5tuM-I2c0CBXNSsWwljkq6qYx8E","0x1981cc36b59cffdd24b01cc5d698daa75e367e04"
"59628787","[{""order"": null, ""value"": ""Beautiful Rose"", ""max_value"": null, ""trait_type"": ""Clothes"", ""trait_count"": 347, ""display_type"": null}, {""order"": null, ""value"": ""Red"", ""max_value"": null, ""trait_type"": ""Eye color"", ""trait_count"": 1119, ""display_type"": null}, {""order"": null, ""value"": ""Rainbow Flowers"", ""max_value"": null, ""trait_type"": ""Necklace"", ""trait_count"": 450, ""display_type"": null}, {""order"": null, ""value"": ""Cheeky"", ""max_value"": null, ""trait_type"": ""Eyes"", ""trait_count"": 5817, ""display_type"": null}, {""order"": null, ""value"": ""Pink Space Buns"", ""max_value"": null, ""trait_type"": ""Head"", ""trait_count"": 300, ""display_type"": null}, {""order"": null, ""value"": ""Cheeky"", ""max_value"": null, ""trait_type"": ""Mouth"", ""trait_count"": 2495, ""display_type"": null}, {""order"": null, ""value"": ""Flamingo"", ""max_value"": null, ""trait_type"": ""Background"", ""trait_count"": 679, ""display_type"": null}, {""order"": null, ""value"": ""Blue Marble"", ""max_value"": null, ""trait_type"": ""Earrings"", ""trait_count"": 340, ""display_type"": null}, {""order"": null, ""value"": ""Nude"", ""max_value"": null, ""trait_type"": ""Lips Color"", ""trait_count"": 1769, ""display_type"": null}, {""order"": null, ""value"": ""Deep Gold"", ""max_value"": null, ""trait_type"": ""Skin Color"", ""trait_count"": 4006, ""display_type"": null}, {""order"": null, ""value"": ""Hot Chick"", ""max_value"": null, ""trait_type"": ""Glasses"", ""trait_count"": 299, ""display_type"": null}]",,"Crypto Chick #8033",33.39309311754891,"https://lh3.googleusercontent.com/qtWkkhQN6Hyd2xdLa7Yd2dGoSHEUJ2g1onThU3eJDJtt4g48v6joWw_0k6Y5iTm69wR614uc-M_240mXKrakyBsvWL1q7mn3qBKk","0x1981cc36b59cffdd24b01cc5d698daa75e367e04"
"59612936","[{""order"": null, ""value"": ""Neutral"", ""max_value"": null, ""trait_type"": ""Eyes"", ""trait_count"": 3079, ""display_type"": null}, {""order"": null, ""value"": ""Lark"", ""max_value"": null, ""trait_type"": ""Background"", ""trait_count"": 671, ""display_type"": null}, {""order"": null, ""value"": ""Light Bronze"", ""max_value"": null, ""trait_type"": ""Skin Color"", ""trait_count"": 1542, ""display_type"": null}, {""order"": null, ""value"": ""Green"", ""max_value"": null, ""trait_type"": ""Eye color"", ""trait_count"": 1085, ""display_type"": null}, {""order"": null, ""value"": ""Blue"", ""max_value"": null, ""trait_type"": ""Lips Color"", ""trait_count"": 1752, ""display_type"": null}, {""order"": null, ""value"": ""Aphrodite"", ""max_value"": null, ""trait_type"": ""Clothes"", ""trait_count"": 259, ""display_type"": null}, {""order"": null, ""value"": ""Night Sky"", ""max_value"": null, ""trait_type"": ""Head"", ""trait_count"": 281, ""display_type"": null}, {""order"": null, ""value"": ""Lollipop"", ""max_value"": null, ""trait_type"": ""Mouth"", ""trait_count"": 870, ""display_type"": null}]",,"Crypto Chick #6702",24.148384041615905,"https://lh3.googleusercontent.com/UPnSpRIYlXJ_gWFhPLmo6PfFTj0fkpsNOpHImEDsHxNM-KhvJJOMBjL8VqS7EG9bKN_v2h99DMv76siz-rRpjfbqxbmY1DTV2N65sA","0x1981cc36b59cffdd24b01cc5d698daa75e367e04"
"59628763","[{""order"": null, ""value"": ""Pink CC Shirt"", ""max_value"": null, ""trait_type"": ""Clothes"", ""trait_count"": 306, ""display_type"": null}, {""order"": null, ""value"": ""Warm Pink"", ""max_value"": null, ""trait_type"": ""Skin Color"", ""trait_count"": 1401, ""display_type"": null}, {""order"": null, ""value"": ""Golden Whip"", ""max_value"": null, ""trait_type"": ""Earrings"", ""trait_count"": 370, ""display_type"": null}, {""order"": null, ""value"": ""Rainbow Flowers"", ""max_value"": null, ""trait_type"": ""Necklace"", ""trait_count"": 450, ""display_type"": null}, {""order"": null, ""value"": ""Black"", ""max_value"": null, ""trait_type"": ""Eye color"", ""trait_count"": 1048, ""display_type"": null}, {""order"": null, ""value"": ""Cheeky"", ""max_value"": null, ""trait_type"": ""Eyes"", ""trait_count"": 5817, ""display_type"": null}, {""order"": null, ""value"": ""Cornrow"", ""max_value"": null, ""trait_type"": ""Head"", ""trait_count"": 293, ""display_type"": null}, {""order"": null, ""value"": ""Cheeky"", ""max_value"": null, ""trait_type"": ""Mouth"", ""trait_count"": 2495, ""display_type"": null}, {""order"": null, ""value"": ""Souffle"", ""max_value"": null, ""trait_type"": ""Background"", ""trait_count"": 650, ""display_type"": null}, {""order"": null, ""value"": ""Red"", ""max_value"": null, ""trait_type"": ""Lips Color"", ""trait_count"": 2070, ""display_type"": null}]",,"Crypto Chick #8002",29.091918054767728,"https://lh3.googleusercontent.com/Amd28w9oc_I82Oron9nTDGcXhaPlccl1lr9GXo_bP5tkwgGnPTiLLb9P_TzxdW7wAbZzXimMPVBjocbjZpVJqIletg7eVlK8mTpVNb8","0x1981cc36b59cffdd24b01cc5d698daa75e367e04"
"59628761","[{""order"": null, ""value"": ""Red"", ""max_value"": null, ""trait_type"": ""Eye color"", ""trait_count"": 1119, ""display_type"": null}, {""order"": null, ""value"": ""Jungle"", ""max_value"": null, ""trait_type"": ""Background"", ""trait_count"": 674, ""display_type"": null}, {""order"": null, ""value"": ""Rainbow Flowers"", ""max_value"": null, ""trait_type"": ""Necklace"", ""trait_count"": 450, ""display_type"": null}, {""order"": null, ""value"": ""Cheeky"", ""max_value"": null, ""trait_type"": ""Eyes"", ""trait_count"": 5817, ""display_type"": null}, {""order"": null, ""value"": ""Golden Whip"", ""max_value"": null, ""trait_type"": ""Earrings"", ""trait_count"": 370, ""display_type"": null}, {""order"": null, ""value"": ""Pink Space Buns"", ""max_value"": null, ""trait_type"": ""Head"", ""trait_count"": 300, ""display_type"": null}, {""order"": null, ""value"": ""Cherry"", ""max_value"": null, ""trait_type"": ""Clothes"", ""trait_count"": 261, ""display_type"": null}, {""order"": null, ""value"": ""Deep Gold"", ""max_value"": null, ""trait_type"": ""Skin Color"", ""trait_count"": 4006, ""display_type"": null}, {""order"": null, ""value"": ""Gold"", ""max_value"": null, ""trait_type"": ""Lips Color"", ""trait_count"": 1723, ""display_type"": null}, {""order"": null, ""value"": ""Octagon"", ""max_value"": null, ""trait_type"": ""Glasses"", ""trait_count"": 288, ""display_type"": null}, {""order"": null, ""value"": ""Neutral"", ""max_value"": null, ""trait_type"": ""Mouth"", ""trait_count"": 874, ""display_type"": null}]",,"Crypto Chick #8017",36.22476675647367,"https://lh3.googleusercontent.com/tHFO0brzfPKjnVZ1JENbmPhPuuWI_nGvSH2Y9enCQinTK9oqotLJS_3nP-1Ne10PS1gEOVRuYmwxkE5WwjiX-S6S82DgAz1HDnQi","0x1981cc36b59cffdd24b01cc5d698daa75e367e04"
"59628733","[{""order"": null, ""value"": ""Hoodie"", ""max_value"": null, ""trait_type"": ""Clothes"", ""trait_count"": 206, ""display_type"": null}, {""order"": null, ""value"": ""Silver Mix"", ""max_value"": null, ""trait_type"": ""Earrings"", ""trait_count"": 320, ""display_type"": null}, {""order"": null, ""value"": ""Cheeky"", ""max_value"": null, ""trait_type"": ""Eyes"", ""trait_count"": 5817, ""display_type"": null}, {""order"": null, ""value"": ""Pink Space Buns"", ""max_value"": null, ""trait_type"": ""Head"", ""trait_count"": 300, ""display_type"": null}, {""order"": null, ""value"": ""Cheeky"", ""max_value"": null, ""trait_type"": ""Mouth"", ""trait_count"": 2495, ""display_type"": null}, {""order"": null, ""value"": ""Storm"", ""max_value"": null, ""trait_type"": ""Background"", ""trait_count"": 687, ""display_type"": null}, {""order"": null, ""value"": ""Pink"", ""max_value"": null, ""trait_type"": ""Eye color"", ""trait_count"": 1094, ""display_type"": null}, {""order"": null, ""value"": ""Deep Gold"", ""max_value"": null, ""trait_type"": ""Skin Color"", ""trait_count"": 4006, ""display_type"": null}, {""order"": null, ""value"": ""Piercing Set"", ""max_value"": null, ""trait_type"": ""Piercing"", ""trait_count"": 361, ""display_type"": null}, {""order"": null, ""value"": ""Purple Aviators"", ""max_value"": null, ""trait_type"": ""Glasses"", ""trait_count"": 285, ""display_type"": null}, {""order"": null, ""value"": ""Purple"", ""max_value"": null, ""trait_type"": ""Lips Color"", ""trait_count"": 1806, ""display_type"": null}]",,"Crypto Chick #8015",38.43730575899665,"https://lh3.googleusercontent.com/ZlJ-tIDKTtzfHGMZ1PlsFuA6ouCQeXKfI8qChyfhm_T0aoOwB8O2Hr2BQimgUnVJsTBQTrpnmX-_GAl6AojHGwx6LBG7yDzyPX3g_w","0x1981cc36b59cffdd24b01cc5d698daa75e367e04"
